"","CustomerID","Age","Annual.Income..k..","Spending.Score..1.100.","size","Pseudo_F"
"1",168.484375,36.421875,89.9375,51.515625,64,255.13428825031
"2",33.5,38.2424242424242,31.6363636363636,50.1666666666667,66,0
"3",101.514285714286,41.6428571428571,60.9714285714286,49.0285714285714,70,0
